<?xml version="1.0" encoding="UTF-8"?>
<metadata xml:lang="en"><Esri><CreaDate>20120507</CreaDate><CreaTime>23581500</CreaTime><ArcGISFormat>1.0</ArcGISFormat><SyncOnce>FALSE</SyncOnce><DataProperties><itemProps><itemName Sync="TRUE">Others</itemName><imsContentType Sync="TRUE">002</imsContentType><itemSize Sync="TRUE">0.000</itemSize><itemLocation><linkage Sync="TRUE">file://\\COLIN-PC\C$\Users\Colin\Desktop\GIS_Classwork\GIS_540\Project\Project_Submission\data\Interpolation_Output3\Others.dbf</linkage><protocol Sync="TRUE">Local Area Network</protocol></itemLocation></itemProps><lineage><Process ToolSource="C:\Program Files\ArcGIS\Desktop10.0\ArcToolbox\Toolboxes\Conversion Tools.tbx\TableToTable" Date="20120507" Time="235815">TableToTable C:\Users\Colin\Desktop\GIS_Classwork\GIS_540\Project\Project_Submission\data\Others.csv C:\Users\Colin\Desktop\GIS_Classwork\GIS_540\Project\Project_Submission\data\Interpolation_Output3 Others.dbf # "Lat "Lat" true true false 8 Double 0 0 ,First,#,C:\Users\Colin\Desktop\GIS_Classwork\GIS_540\Project\Project_Submission\data\Others.csv,Lat,-1,-1;Lon "Lon" true true false 8 Double 0 0 ,First,#,C:\Users\Colin\Desktop\GIS_Classwork\GIS_540\Project\Project_Submission\data\Others.csv,Lon,-1,-1;O_Precip "O_Precip" true true false 8 Double 0 0 ,First,#,C:\Users\Colin\Desktop\GIS_Classwork\GIS_540\Project\Project_Submission\data\Others.csv,O_Precip,-1,-1" #</Process></lineage></DataProperties><SyncDate>20120507</SyncDate><SyncTime>23581500</SyncTime><ModDate>20120507</ModDate><ModTime>23581500</ModTime></Esri><dataIdInfo><envirDesc Sync="TRUE">Microsoft Windows Vista Version 6.0 (Build 6001) Service Pack 1; ESRI ArcGIS 10.0.3.3600</envirDesc><dataLang><languageCode value="eng" Sync="TRUE"></languageCode><countryCode value="USA" Sync="TRUE"></countryCode></dataLang><idCitation><resTitle Sync="TRUE">Others</resTitle><presForm><PresFormCd value="011" Sync="TRUE"></PresFormCd></presForm></idCitation><spatRpType><SpatRepTypCd value="003" Sync="TRUE"></SpatRepTypCd></spatRpType></dataIdInfo><mdLang><languageCode value="eng" Sync="TRUE"></languageCode><countryCode value="USA" Sync="TRUE"></countryCode></mdLang><mdChar><CharSetCd value="004" Sync="TRUE"></CharSetCd></mdChar><distInfo><distFormat><formatName Sync="TRUE">dBASE Table</formatName></distFormat><distTranOps><transSize Sync="TRUE">0.000</transSize></distTranOps></distInfo><mdHrLv><ScopeCd value="007" Sync="TRUE"></ScopeCd></mdHrLv><mdHrLvName Sync="TRUE">dataset</mdHrLvName><eainfo><detailed Name="Others"><enttyp><enttypl Sync="TRUE">Others</enttypl><enttypt Sync="TRUE">Table</enttypt><enttypc Sync="TRUE">0</enttypc></enttyp><attr><attrlabl Sync="TRUE">OID</attrlabl><attalias Sync="TRUE">OID</attalias><attrtype Sync="TRUE">OID</attrtype><attwidth Sync="TRUE">4</attwidth><atprecis Sync="TRUE">0</atprecis><attscale Sync="TRUE">0</attscale><attrdef Sync="TRUE">Internal feature number.</attrdef><attrdefs Sync="TRUE">ESRI</attrdefs><attrdomv><udom Sync="TRUE">Sequential unique whole numbers that are automatically generated.</udom></attrdomv></attr><attr><attrlabl Sync="TRUE">Lat</attrlabl><attalias Sync="TRUE">Lat</attalias><attrtype Sync="TRUE">Double</attrtype><attwidth Sync="TRUE">19</attwidth><atprecis Sync="TRUE">0</atprecis><attscale Sync="TRUE">0</attscale></attr><attr><attrlabl Sync="TRUE">Lon</attrlabl><attalias Sync="TRUE">Lon</attalias><attrtype Sync="TRUE">Double</attrtype><attwidth Sync="TRUE">19</attwidth><atprecis Sync="TRUE">0</atprecis><attscale Sync="TRUE">0</attscale></attr><attr><attrlabl Sync="TRUE">O_Precip</attrlabl><attalias Sync="TRUE">O_Precip</attalias><attrtype Sync="TRUE">Double</attrtype><attwidth Sync="TRUE">19</attwidth><atprecis Sync="TRUE">0</atprecis><attscale Sync="TRUE">0</attscale></attr></detailed></eainfo><mdDateSt Sync="TRUE">20120507</mdDateSt></metadata>
