<?xml version="1.0" encoding="UTF-8"?>
<metadata xml:lang="en"><Esri><CreaDate>20120507</CreaDate><CreaTime>23581600</CreaTime><ArcGISFormat>1.0</ArcGISFormat><SyncOnce>TRUE</SyncOnce><DataProperties><lineage><Process ToolSource="C:\Program Files\ArcGIS\Desktop10.0\ArcToolbox\Toolboxes\Data Management Tools.tbx\CopyFeatures" Date="20120507" Time="235816">CopyFeatures Othe3.shp C:\Users\Colin\Desktop\GIS_Classwork\GIS_540\Project\Project_Submission\data\Interpolation_Output3\Othe3.shp # 0 0 0</Process></lineage></DataProperties></Esri></metadata>
