<?xml version="1.0" encoding="UTF-8"?>
<metadata xml:lang="en"><Esri><CreaDate>20120507</CreaDate><CreaTime>23580900</CreaTime><ArcGISFormat>1.0</ArcGISFormat><SyncOnce>TRUE</SyncOnce><DataProperties><lineage><Process ToolSource="C:\Program Files\ArcGIS\Desktop10.0\ArcToolbox\Toolboxes\Geostatistical Analyst Tools.tbx\IDW" Date="20120507" Time="235809">IDW Impa2.shp I_Precip Impa2_g C:\Users\Colin\Desktop\GIS_Classwork\GIS_540\Project\Project_Submission\data\Interpolation_Output2\Impa2_I 0.0154 2 "NBRTYPE=Standard S_MAJOR=12.1339523651612 S_MINOR=12.1339523651612 ANGLE=0 NBR_MAX=15 NBR_MIN=10 SECTOR_TYPE=ONE_SECTOR" #</Process></lineage></DataProperties></Esri></metadata>
